pair_id,layer,variant,alpha,neg_suppression,pos_loss,selectivity,coherence_score
brevity_enthusiasm,20.0,fixed_raw,8.0,15.447187860438092,-1.3743981480738228,15.447187860438092,84.38825385981052
informal_assertiveness,16.0,fixed_orth,8.0,3.936910901908732,-1.4445354353338296,3.936910901908732,77.75152010438335
monotone_enthusiasm,16.0,r512_orth,8.0,18.23151854404361,-10.74985884761945,18.23151854404361,79.9655017808358
poetic_mathematical,8.0,r512_raw,0.5,1.0568917281446595,-0.10200112329294697,1.0568917281446595,85.88156573274397
sarcasm_paranoia,3.0,r512_raw,4.0,10.097079764729026,4.338966910907686,5.7581128538213395,76.81871263069623
